USE stock_game;

INSERT INTO `buyer` (id, name, balance) VALUES
(1, 'Buyer_1', 8101.39),
(2, 'Buyer_2', 9605.61),
(3, 'Buyer_3', 1070.59),
(4, 'Buyer_4', 4751.98),
(5, 'Buyer_5', 8417.81),
(6, 'Buyer_6', 9625.32),
(7, 'Buyer_7', 6351.53),
(8, 'Buyer_8', 3304.04),
(9, 'Buyer_9', 5828.56),
(10, 'Buyer_10', 2849.66),
(11, 'Buyer_11', 2014.49),
(12, 'Buyer_12', 3566.69),
(13, 'Buyer_13', 1038.66),
(14, 'Buyer_14', 9545.31),
(15, 'Buyer_15', 5304.62),
(16, 'Buyer_16', 2713.37),
(17, 'Buyer_17', 6586.19),
(18, 'Buyer_18', 5121.86),
(19, 'Buyer_19', 3329.4),
(20, 'Buyer_20', 9814.26),
(21, 'Buyer_21', 6630.1),
(22, 'Buyer_22', 4358.01),
(23, 'Buyer_23', 5756.84),
(24, 'Buyer_24', 6961.97),
(25, 'Buyer_25', 3609.14),
(26, 'Buyer_26', 7270.47),
(27, 'Buyer_27', 1636.45),
(28, 'Buyer_28', 8678.09),
(29, 'Buyer_29', 4436.51),
(30, 'Buyer_30', 7763.55),
(31, 'Buyer_31', 9132.84),
(32, 'Buyer_32', 8379.93),
(33, 'Buyer_33', 4573.44),
(34, 'Buyer_34', 4289.72),
(35, 'Buyer_35', 6004.68),
(36, 'Buyer_36', 5196.6),
(37, 'Buyer_37', 2797.36),
(38, 'Buyer_38', 4646.03),
(39, 'Buyer_39', 3470.95),
(40, 'Buyer_40', 4388.25),
(41, 'Buyer_41', 3897.71),
(42, 'Buyer_42', 2623.48),
(43, 'Buyer_43', 8157.19),
(44, 'Buyer_44', 7959.05),
(45, 'Buyer_45', 6818.52),
(46, 'Buyer_46', 3638.12),
(47, 'Buyer_47', 7675.47),
(48, 'Buyer_48', 7679.68),
(49, 'Buyer_49', 2257.86),
(50, 'Buyer_50', 3700.22),
(51, 'Buyer_51', 9652.21),
(52, 'Buyer_52', 7555.63),
(53, 'Buyer_53', 1907.24),
(54, 'Buyer_54', 9082.04),
(55, 'Buyer_55', 5723.41),
(56, 'Buyer_56', 4878.49),
(57, 'Buyer_57', 6879.29),
(58, 'Buyer_58', 6274.77),
(59, 'Buyer_59', 9405.72),
(60, 'Buyer_60', 8038.02),
(61, 'Buyer_61', 6740.64),
(62, 'Buyer_62', 8411.13),
(63, 'Buyer_63', 8397.32),
(64, 'Buyer_64', 1014.01),
(65, 'Buyer_65', 7544.35),
(66, 'Buyer_66', 7307.06),
(67, 'Buyer_67', 6007.55),
(68, 'Buyer_68', 8510.16),
(69, 'Buyer_69', 3471.63),
(70, 'Buyer_70', 6990.05),
(71, 'Buyer_71', 6280.57),
(72, 'Buyer_72', 4901.25),
(73, 'Buyer_73', 1560.42),
(74, 'Buyer_74', 3154.58),
(75, 'Buyer_75', 7637.18),
(76, 'Buyer_76', 2282.73),
(77, 'Buyer_77', 7794.76),
(78, 'Buyer_78', 8836.39),
(79, 'Buyer_79', 8973.97),
(80, 'Buyer_80', 8086.75),
(81, 'Buyer_81', 2891.39),
(82, 'Buyer_82', 2014.75),
(83, 'Buyer_83', 8877.54),
(84, 'Buyer_84', 9368.02),
(85, 'Buyer_85', 5795.61),
(86, 'Buyer_86', 1373.77),
(87, 'Buyer_87', 7894.11),
(88, 'Buyer_88', 4646.42),
(89, 'Buyer_89', 8197.5),
(90, 'Buyer_90', 8629.99),
(91, 'Buyer_91', 1751.84),
(92, 'Buyer_92', 1244.55),
(93, 'Buyer_93', 7694.75),
(94, 'Buyer_94', 5835.45),
(95, 'Buyer_95', 8751.59),
(96, 'Buyer_96', 1475.94),
(97, 'Buyer_97', 7205.74),
(98, 'Buyer_98', 1566.09),
(99, 'Buyer_99', 6411.02),
(100, 'Buyer_100', 3939.0);

INSERT INTO `stocks` (id, name, price, max_stock_amount, stocks_owned) VALUES
(1, 'Stock_1', 173.41, 1387, 72),
(2, 'Stock_2', 737.97, 901, 159),
(3, 'Stock_3', 412.0, 560, 260),
(4, 'Stock_4', 984.38, 1484, 279),
(5, 'Stock_5', 294.88, 691, 330),
(6, 'Stock_6', 927.56, 1699, 238),
(7, 'Stock_7', 220.0, 1551, 457),
(8, 'Stock_8', 866.49, 724, 82),
(9, 'Stock_9', 953.9, 852, 153),
(10, 'Stock_10', 547.44, 1547, 38),
(11, 'Stock_11', 909.59, 606, 59),
(12, 'Stock_12', 281.69, 1754, 482),
(13, 'Stock_13', 613.18, 1101, 260),
(14, 'Stock_14', 631.73, 938, 490),
(15, 'Stock_15', 586.9, 1410, 463),
(16, 'Stock_16', 415.35, 1707, 447),
(17, 'Stock_17', 853.85, 1899, 500),
(18, 'Stock_18', 974.38, 1999, 235),
(19, 'Stock_19', 81.92, 1962, 63),
(20, 'Stock_20', 123.1, 822, 296),
(21, 'Stock_21', 977.55, 1202, 499),
(22, 'Stock_22', 329.6, 1933, 308),
(23, 'Stock_23', 555.03, 780, 434),
(24, 'Stock_24', 188.1, 1823, 305),
(25, 'Stock_25', 672.24, 1686, 329),
(26, 'Stock_26', 168.55, 1578, 81),
(27, 'Stock_27', 182.69, 1940, 118),
(28, 'Stock_28', 604.98, 571, 195),
(29, 'Stock_29', 628.67, 817, 277),
(30, 'Stock_30', 413.67, 1939, 321),
(31, 'Stock_31', 879.18, 1913, 44),
(32, 'Stock_32', 58.7, 1279, 87),
(33, 'Stock_33', 613.07, 1524, 360),
(34, 'Stock_34', 549.71, 1347, 389),
(35, 'Stock_35', 299.53, 551, 277),
(36, 'Stock_36', 239.66, 1529, 93),
(37, 'Stock_37', 246.69, 1255, 223),
(38, 'Stock_38', 124.3, 1920, 483),
(39, 'Stock_39', 743.04, 1556, 150),
(40, 'Stock_40', 884.32, 721, 129),
(41, 'Stock_41', 499.63, 1984, 473),
(42, 'Stock_42', 705.3, 1873, 272),
(43, 'Stock_43', 954.96, 821, 156),
(44, 'Stock_44', 218.82, 646, 2),
(45, 'Stock_45', 91.85, 589, 157),
(46, 'Stock_46', 329.8, 1514, 10),
(47, 'Stock_47', 724.41, 716, 389),
(48, 'Stock_48', 499.3, 1343, 457),
(49, 'Stock_49', 514.15, 1116, 353),
(50, 'Stock_50', 211.32, 1015, 172);

INSERT INTO `stocks_buyers` (buyer_id, stock_id, quantity) VALUES
(41, 3, 21),
(97, 42, 34),
(95, 8, 43),
(79, 50, 42),
(84, 9, 7),
(89, 44, 14),
(12, 36, 31),
(93, 39, 19),
(58, 43, 11),
(21, 48, 20),
(17, 18, 17),
(10, 21, 27),
(86, 4, 36),
(98, 46, 9),
(77, 16, 28),
(83, 38, 25),
(85, 35, 45),
(72, 40, 38),
(12, 48, 20),
(91, 42, 29),
(93, 37, 2),
(26, 5, 45),
(31, 17, 33),
(56, 37, 11),
(83, 39, 30),
(38, 9, 7),
(94, 41, 50),
(72, 36, 50),
(25, 18, 20),
(90, 43, 49),
(35, 29, 37),
(32, 27, 4),
(53, 37, 6),
(30, 17, 21),
(80, 18, 33),
(18, 10, 25),
(32, 9, 49),
(76, 34, 33),
(17, 38, 9),
(64, 10, 3),
(91, 5, 35),
(91, 28, 12),
(77, 5, 23),
(80, 43, 46),
(51, 25, 16),
(7, 39, 8),
(47, 42, 24),
(8, 21, 4),
(84, 17, 7),
(72, 50, 32),
(36, 47, 6),
(25, 35, 29),
(3, 37, 24),
(11, 25, 17),
(10, 44, 26),
(80, 29, 48),
(37, 46, 41),
(86, 39, 45),
(37, 46, 26),
(48, 11, 11),
(21, 31, 8),
(97, 15, 23),
(54, 12, 4),
(93, 39, 46),
(79, 21, 11),
(83, 9, 40),
(64, 27, 40),
(65, 15, 3),
(32, 34, 2),
(55, 30, 45),
(58, 30, 21),
(47, 31, 48),
(41, 28, 1),
(1, 41, 50),
(46, 25, 13),
(24, 48, 39),
(59, 43, 8),
(45, 43, 23),
(21, 42, 3),
(66, 9, 45),
(92, 18, 40),
(65, 8, 41),
(59, 34, 33),
(94, 42, 48),
(28, 36, 36),
(70, 47, 36),
(84, 7, 37),
(80, 11, 13),
(61, 39, 28),
(5, 13, 21),
(1, 46, 34),
(47, 45, 2),
(11, 23, 5),
(49, 25, 19),
(11, 45, 43),
(20, 45, 14),
(47, 5, 15),
(86, 15, 43),
(17, 7, 28),
(33, 8, 3),
(63, 20, 22),
(66, 47, 4),
(54, 47, 32),
(36, 13, 48),
(47, 10, 33),
(5, 34, 44),
(71, 12, 41),
(32, 24, 24),
(69, 50, 39),
(95, 29, 6),
(6, 8, 21),
(100, 4, 31),
(45, 16, 4),
(34, 50, 38),
(85, 6, 20),
(41, 15, 1),
(40, 46, 17),
(34, 4, 13),
(29, 39, 1),
(97, 9, 49),
(59, 4, 36),
(87, 10, 46),
(42, 2, 19),
(76, 13, 41),
(94, 15, 50),
(11, 34, 34),
(18, 29, 36),
(29, 6, 43),
(73, 23, 21),
(99, 31, 13),
(57, 47, 27),
(33, 49, 17),
(21, 28, 18),
(32, 22, 41),
(18, 29, 37),
(46, 19, 1),
(74, 32, 7),
(80, 33, 42),
(71, 15, 44),
(23, 19, 9),
(24, 5, 29),
(23, 2, 28),
(3, 37, 40),
(71, 42, 1),
(1, 35, 39),
(17, 17, 15),
(24, 37, 21),
(6, 50, 14),
(29, 34, 38),
(56, 50, 43),
(25, 33, 42),
(8, 21, 27),
(83, 28, 33),
(68, 21, 37),
(91, 5, 10),
(30, 5, 39),
(63, 49, 30),
(76, 42, 48),
(53, 37, 10),
(84, 44, 13),
(27, 4, 39),
(39, 40, 33),
(81, 35, 6),
(40, 22, 17),
(100, 41, 43),
(81, 4, 20),
(71, 7, 45),
(93, 34, 44),
(19, 43, 8),
(10, 36, 1),
(17, 49, 24),
(35, 1, 19),
(8, 18, 4),
(89, 30, 23),
(74, 34, 14),
(45, 12, 28),
(13, 42, 41),
(93, 6, 24),
(33, 23, 45),
(73, 8, 7),
(4, 30, 5),
(100, 34, 31),
(5, 28, 27),
(30, 39, 46),
(10, 42, 7),
(26, 21, 25),
(38, 1, 8),
(86, 36, 7),
(54, 46, 5),
(36, 29, 3),
(40, 7, 21),
(35, 24, 26),
(31, 25, 23),
(49, 9, 13),
(29, 40, 24),
(74, 35, 30),
(59, 46, 13),
(17, 27, 8),
(62, 7, 6),
(85, 4, 16)
ON DUPLICATE KEY UPDATE quantity = VALUES(quantity);